{
    "columns": [
        "year",
        "label",
        "percentage"
    ],
    "index": [
        0,
        1,
        2,
        3,
        4,
        5,
        6,
        7,
        8,
        9,
        10,
        11,
        12,
        13,
        14,
        15,
        16,
        17,
        18,
        19,
        20,
        21,
        22,
        23,
        24,
        25,
        26,
        27,
        28,
        29,
        30,
        31,
        32,
        33,
        34,
        35,
        36,
        37,
        38,
        39,
        40,
        41,
        42,
        43,
        44,
        45,
        46,
        47,
        48,
        49,
        50,
        51,
        52,
        53,
        54,
        55,
        56,
        57,
        58,
        59,
        60,
        61,
        62,
        63,
        64,
        65,
        66,
        67,
        68,
        69,
        70,
        71,
        72,
        73,
        74,
        75,
        76,
        77,
        78,
        79,
        80,
        81,
        82,
        83,
        84,
        85,
        86,
        87,
        88,
        89,
        90,
        91,
        92,
        93,
        94,
        95,
        96,
        97,
        98,
        99,
        100,
        101,
        102,
        103,
        104,
        105,
        106,
        107,
        108,
        109,
        110,
        111,
        112,
        113,
        114,
        115,
        116,
        117,
        118,
        119,
        120,
        121,
        122,
        123,
        124,
        125,
        126,
        127,
        128,
        129,
        130,
        131,
        132,
        133,
        134,
        135,
        136,
        137,
        138,
        139,
        140,
        141,
        142,
        143,
        144,
        145,
        146,
        147,
        148,
        149,
        150,
        151,
        152,
        153,
        154,
        155
    ],
    "data": [
        [
            1972,
            "neutral",
            51.6129032258
        ],
        [
            1972,
            "positiv",
            45.1612903226
        ],
        [
            1972,
            "negativ",
            3.2258064516
        ],
        [
            1973,
            "neutral",
            54.2857142857
        ],
        [
            1973,
            "positiv",
            37.1428571429
        ],
        [
            1973,
            "negativ",
            8.5714285714
        ],
        [
            1974,
            "positiv",
            40.0
        ],
        [
            1974,
            "neutral",
            36.6666666667
        ],
        [
            1974,
            "negativ",
            23.3333333333
        ],
        [
            1975,
            "positiv",
            47.3684210526
        ],
        [
            1975,
            "neutral",
            36.8421052632
        ],
        [
            1975,
            "negativ",
            15.7894736842
        ],
        [
            1976,
            "positiv",
            44.1176470588
        ],
        [
            1976,
            "neutral",
            32.3529411765
        ],
        [
            1976,
            "negativ",
            23.5294117647
        ],
        [
            1977,
            "neutral",
            36.3636363636
        ],
        [
            1977,
            "positiv",
            33.3333333333
        ],
        [
            1977,
            "negativ",
            30.303030303
        ],
        [
            1978,
            "positiv",
            51.1111111111
        ],
        [
            1978,
            "neutral",
            28.8888888889
        ],
        [
            1978,
            "negativ",
            20.0
        ],
        [
            1979,
            "negativ",
            34.2105263158
        ],
        [
            1979,
            "positiv",
            34.2105263158
        ],
        [
            1979,
            "neutral",
            31.5789473684
        ],
        [
            1980,
            "negativ",
            40.0
        ],
        [
            1980,
            "positiv",
            31.4285714286
        ],
        [
            1980,
            "neutral",
            28.5714285714
        ],
        [
            1981,
            "neutral",
            41.1764705882
        ],
        [
            1981,
            "positiv",
            32.3529411765
        ],
        [
            1981,
            "negativ",
            26.4705882353
        ],
        [
            1982,
            "negativ",
            38.0
        ],
        [
            1982,
            "neutral",
            36.0
        ],
        [
            1982,
            "positiv",
            26.0
        ],
        [
            1983,
            "positiv",
            42.8571428571
        ],
        [
            1983,
            "neutral",
            33.3333333333
        ],
        [
            1983,
            "negativ",
            23.8095238095
        ],
        [
            1984,
            "negativ",
            41.8604651163
        ],
        [
            1984,
            "neutral",
            34.8837209302
        ],
        [
            1984,
            "positiv",
            23.2558139535
        ],
        [
            1985,
            "positiv",
            50.0
        ],
        [
            1985,
            "neutral",
            28.2608695652
        ],
        [
            1985,
            "negativ",
            21.7391304348
        ],
        [
            1986,
            "neutral",
            47.3684210526
        ],
        [
            1986,
            "negativ",
            28.0701754386
        ],
        [
            1986,
            "positiv",
            24.5614035088
        ],
        [
            1987,
            "neutral",
            50.0
        ],
        [
            1987,
            "positiv",
            26.5625
        ],
        [
            1987,
            "negativ",
            23.4375
        ],
        [
            1988,
            "neutral",
            37.7358490566
        ],
        [
            1988,
            "negativ",
            33.9622641509
        ],
        [
            1988,
            "positiv",
            28.3018867925
        ],
        [
            1989,
            "neutral",
            43.2835820896
        ],
        [
            1989,
            "positiv",
            34.328358209
        ],
        [
            1989,
            "negativ",
            22.3880597015
        ],
        [
            1990,
            "neutral",
            43.3333333333
        ],
        [
            1990,
            "positiv",
            35.0
        ],
        [
            1990,
            "negativ",
            21.6666666667
        ],
        [
            1991,
            "neutral",
            51.3888888889
        ],
        [
            1991,
            "positiv",
            29.1666666667
        ],
        [
            1991,
            "negativ",
            19.4444444444
        ],
        [
            1992,
            "neutral",
            37.7358490566
        ],
        [
            1992,
            "negativ",
            33.9622641509
        ],
        [
            1992,
            "positiv",
            28.3018867925
        ],
        [
            1993,
            "neutral",
            61.1111111111
        ],
        [
            1993,
            "positiv",
            23.6111111111
        ],
        [
            1993,
            "negativ",
            15.2777777778
        ],
        [
            1994,
            "neutral",
            40.2777777778
        ],
        [
            1994,
            "positiv",
            34.7222222222
        ],
        [
            1994,
            "negativ",
            25.0
        ],
